date,revenue_this_year,revenue_last_year,revenue_variance,revenue_pct_difference,orders_this_year,orders_last_year,orders_variance,orders_pct_difference,stock_value_jhb_this_year,stock_value_dbn_this_year,stock_value_cpt_this_year,stock_value_total_this_year,stock_value_jhb_last_year,stock_value_dbn_last_year,stock_value_cpt_last_year,stock_value_total_last_year
2026-01-01,56274.23,60191.46,-3917.23,-6.51,76,61,15,24.59,8113481.91,1673686.5000000002,2580859.0599999996,12368027.469999999,6827628.910000001,2241982.5500000003,3981268.14,13050879.600000001
2026-01-02,108138.85,109777.46,-1638.61,-1.49,144,132,12,9.09,7963225.159999999,1689261.5900000003,2532268.1799999992,12184754.93,6760144.640000001,2294085.9500000007,3940441.619999999,12994672.21
2026-01-03,79703.14,148499.39,-68796.25,-46.33,110,137,-27,-19.71,7878130.459999999,1682390.9600000002,2516080.4399999995,12076601.86,6633174.309999998,2283359.9400000004,3934805.7699999996,12851340.019999998
2026-01-04,113809.63,65747.97,48061.66,73.1,133,94,39,41.49,7714038.02,1666427.2500000007,2492867.7699999996,11873333.04,6632645.079999998,2277419.8900000006,3910949.16,12821014.129999999
2026-01-05,456427.99,308005.89,148422.10,48.19,426,228,198,86.84,7510210.069999998,1619766.6100000003,2446777.2299999995,11576753.91,6454215.690000001,2237882.7299999995,3889404.9800000004,12581503.400000002
2026-01-06,337829.53,414930.72,-77101.19,-18.58,373,371,2,0.54,7902300.500000001,1594883.0200000003,2512394.7399999993,12009578.260000002,6322100.6000000015,2176141.09,3825538.4199999995,12323780.110000001
2026-01-07,308500.91,370593.48,-62092.57,-16.75,328,370,-42,-11.35,7827171.709999999,1571318.5100000002,2475827.1099999994,11874317.329999998,6379421.59,2142102.0700000003,3820001.2100000004,12341524.870000001
2026-01-08,260294.78,311318.12,-51023.34,-16.39,288,339,-51,-15.04,7755236.130000002,1593912.3300000003,2515353.4599999995,11864501.920000002,6234729.740000001,2120983.2599999993,3802730.99,12158443.99
2026-01-09,193662.43,251061.78,-57399.35,-22.86,244,280,-36,-12.86,7723801.530000001,1586185.31,2521884.4599999995,11831871.3,6246842.779999999,2118817.7999999993,3770590.2899999996,12136250.869999997
2026-01-10,143392.30,160378.69,-16986.39,-10.59,159,193,-34,-17.62,7655373.420000003,1558049.02,2513302.38,11726724.820000004,6235796.529999998,2108100.91,3751996.4600000004,12095893.899999999
2026-01-11,160042.71,103982.12,56060.59,53.91,191,118,73,61.86,7578376.120000001,1539761.7199999997,2490002.25,11608140.09,6248600.910000001,2098355.46,3728962.79,12075919.16
2026-01-12,296455.34,134918.87,161536.47,119.73,343,158,185,117.09,7562127.220000001,1522438.0699999998,2471003.47,11555568.760000002,6180154.620000001,2079214.74,3713174.9300000006,11972544.290000003
2026-01-13,248741.22,239851.89,8889.33,3.71,315,259,56,21.62,7501747.250000002,1503762.1300000001,2447515.519999999,11453024.900000002,6123382.049999999,2057577.95,3686107.900000001,11867067.9
2026-01-14,231685.22,217293.10,14392.12,6.62,283,261,22,8.43,7575023.280000002,1492467.0899999999,2431805.8899999997,11499296.260000002,6304064.19,2068219.1300000001,3775730.7700000005,12148014.09
2026-01-15,241097.11,324053.85,-82956.74,-25.6,334,401,-67,-16.71,7700579.669999999,1471895.93,2398056.2199999997,11570531.82,6170465.189999999,2045380.33,3720682.2,11936527.719999999
2026-01-16,149596.11,307554.22,-157958.11,-51.36,195,352,-157,-44.6,7701109.43,1457600.8299999996,2372239.9799999995,11530950.239999998,6308807.039999999,2109857.5900000003,3746731.1200000015,12165395.75
2026-01-17,92737.07,61177.04,31560.03,51.59,114,83,31,37.35,7652769.929999998,1449175.4899999998,2360383.0099999993,11462328.429999998,6425402.729999999,2159464.77,3769290.300000001,12354157.799999999
2026-01-18,138979.31,102016.84,36962.47,36.23,186,132,54,40.91,7580888.8599999985,1429882.6800000002,2345854.92,11356626.459999999,6375874.51,2168932.51,3764683.9000000004,12309490.92
2026-01-19,213932.81,144551.21,69381.60,48.0,285,185,100,54.05,7584056.52,1415033.81,2321221.4299999997,11320311.76,6308886.909999999,2143120.6199999996,3740805.37,12192812.899999999
2026-01-20,205407.13,285740.85,-80333.72,-28.11,273,372,-99,-26.61,7527418.55,1396058.4400000004,2309524.7499999995,11233001.74,6189027.680000001,2132846.15,3771420.63,12093294.46
2026-01-21,261503.95,232579.59,28924.36,12.44,375,292,83,28.42,7449648.519999999,1388116.8000000003,2277148.2199999993,11114913.539999997,6165187.470000001,2119993.1799999997,3778438.900000001,12063619.55
2026-01-22,217685.53,227769.79,-10084.26,-4.43,248,275,-27,-9.82,7457087.459999999,1385037.2300000002,2279386.5399999996,11121511.229999999,6072217.000000001,2110431.6299999994,3886713.22,12069361.850000001
2026-01-23,289364.57,191792.54,97572.03,50.87,368,226,142,62.83,7390693.119999999,1365108.45,2310440.5299999993,11066242.099999998,6215170.17,2102689.26,3890957.36,12208816.79
2026-01-24,140041.94,305821.11,-165779.17,-54.21,186,373,-187,-50.13,7318760.5600000005,1355995.9,2289699.93,10964456.39,6105315.409999999,2120104.73,3840974.2199999997,12066394.36
2026-01-25,158376.88,177629.08,-19252.20,-10.84,175,224,-49,-21.88,7234123.990000002,1341815.61,2275531.1699999995,10851470.770000001,6015902.47,2105752.1499999994,3815631.95,11937286.57
2026-01-26,274364.78,182826.36,91538.42,50.07,377,230,147,63.91,7330103.230000001,1413888.65,2238802.1699999995,10982794.05,5935151.700000002,2086538.5799999998,3780935.5699999994,11802625.850000001
2026-01-27,263561.20,373964.52,-110403.32,-29.52,350,489,-139,-28.43,7238412.54,1401699.75,2252093.579999999,10892205.869999997,5768053.430000001,2063978.59,3502695.84,11334727.86
2026-01-28,332852.63,333765.61,-912.98,-0.27,460,441,19,4.31,7038843.359999999,1392691.1500000004,2290397.19,10721931.7,5748714.47,2042987.3400000003,3527873.98,11319575.790000001
2026-01-29,245590.75,321027.99,-75437.24,-23.5,341,447,-106,-23.71,6933680.500000001,1344590.55,2265067.9799999995,10543339.030000001,5618097.47,2024095.8599999994,3535059.610000001,11177252.94
2026-01-30,151162.29,236648.71,-85486.42,-36.12,217,302,-85,-28.15,7569037.88,1507879.47,2264032.81,11340950.16,5526644.38,2007530.6999999993,3505044.040000001,11039219.120000001
2026-01-31,107868.92,161418.15,-53549.23,-33.17,144,222,-78,-35.14,7519037.170000001,1497398.16,2255065.7399999993,11271501.07,5574323.679999999,2059143.5099999998,3483348.4599999995,11116815.649999999
2026-02-01,122416.73,87638.48,34778.25,39.68,184,121,63,52.07,7464576.96,1483763.9700000002,2236717.5899999994,11185058.52,5534148.78,2043971.7500000002,3472983.530000001,11051104.060000002
2026-02-02,276882.89,113585.58,163297.31,143.77,345,148,197,133.11,7359308.3900000015,1468188.77,2405913.0499999993,11233410.21,5488406.79,2031868.3299999998,3471988.2199999997,10992263.34
2026-02-03,259744.24,243160.55,16583.69,6.82,346,342,4,1.17,7262101.400000002,1456275.0699999996,2450408.8099999996,11168785.280000001,5379833.419999999,2022844.0,3447068.5500000007,10849745.969999999
2026-02-04,266528.45,226364.36,40164.09,17.74,364,318,46,14.47,7723278.630000001,1489205.7099999997,2439034.9099999997,11651519.25,5329564.470000001,2003372.1199999999,3405126.54,10738063.13
2026-02-05,870575.93,633755.99,236819.94,37.37,692,571,121,21.19,7343598.630000001,1454228.0599999998,2349576.0799999996,11147402.770000001,5524394.470000001,1941002.69,3327826.59,10793223.75
2026-02-06,273245.56,507542.93,-234297.37,-46.16,279,530,-251,-47.36,7275405.820000001,1458049.74,2323676.2499999995,11057131.81,5620729.380000001,1909580.26,3360365.7499999995,10890675.39
2026-02-07,171026.23,185831.03,-14804.80,-7.97,179,207,-28,-13.53,7192581.38,1434995.0200000003,2303176.77,10930753.17,5668033.609999999,1902873.8499999999,3366551.7499999995,10937459.209999999
2026-02-08,214960.78,115777.27,99183.51,85.67,214,135,79,58.52,7062282.43,1424177.7700000003,2276465.8799999994,10762926.079999998,5617976.569999998,1898145.7899999996,3348384.079999999,10864506.439999998
2026-02-09,295694.59,158280.23,137414.36,86.82,347,174,173,99.43,6990795.0200000005,1402578.27,2251291.7599999993,10644665.05,5542271.57,1879725.4100000001,3327716.7399999993,10749713.719999999
2026-02-10,245412.34,286912.90,-41500.56,-14.46,301,320,-19,-5.94,7265180.02,1400391.07,2224846.8899999997,10890417.98,5420326.869999999,1867681.0999999999,3283904.4099999997,10571912.379999999
2026-02-11,275451.83,239962.77,35489.06,14.79,346,313,33,10.54,7565291.46,1388908.4600000002,2406890.7899999996,11361090.709999999,5499040.81,1894883.2599999995,3244278.6,10638202.67
2026-02-12,204189.19,262528.38,-58339.19,-22.22,243,277,-34,-12.27,7547410.67,1389837.5600000003,2433603.749999999,11370851.98,5509111.71,1859503.65,3206465.6299999994,10575080.989999998
2026-02-13,205563.81,200503.31,5060.50,2.52,277,241,36,14.94,7517968.25,1411637.2400000005,2400807.9499999993,11330413.44,5724816.789999999,1851672.8899999997,3188990.2700000005,10765479.95
2026-02-14,106585.44,116214.51,-9629.07,-8.29,135,165,-30,-18.18,7466093.75,1401020.1300000004,2386699.1499999994,11253813.030000001,5746969.759999999,1877379.97,3173815.21,10798164.939999998
2026-02-15,203518.89,91113.26,112405.63,123.37,250,110,140,127.27,7758667.0,1384262.6800000002,2358184.5999999996,11501114.28,5708441.989999998,1865423.2399999995,3157479.5800000005,10731344.809999999
2026-02-16,321192.45,107622.91,213569.54,198.44,434,157,277,176.43,7656658.3900000015,1366878.0100000002,2307053.7099999995,11330590.110000001,5654516.47,1854258.99,3137460.21,10646235.67
2026-02-17,274303.09,389094.39,-114791.30,-29.5,376,518,-142,-27.41,7715433.260000002,1352597.3200000003,2336418.7499999995,11404449.330000002,5547096.409999999,1837369.3999999997,3075625.0899999994,10460090.899999999
2026-02-18,239838.74,299943.64,-60104.90,-20.04,318,349,-31,-8.88,7630251.890000001,1340240.7000000002,2295328.44,11265821.03,5425989.290000001,1822589.1899999997,3177568.38,10426146.86
2026-02-19,224082.17,172392.13,51690.04,29.98,292,221,71,32.13,7541599.760000001,1333833.2900000003,2266608.96,11142042.010000002,5381969.329999999,1820519.9000000001,3195619.0399999996,10398108.27
2026-02-20,169552.99,260488.95,-90935.96,-34.91,207,266,-59,-22.18,7483666.470000001,1316677.4500000002,2254810.7699999996,11055154.690000001,5462038.720000001,1868892.2399999998,3157836.52,10488767.48
2026-02-21,79522.78,150403.22,-70880.44,-47.13,113,195,-82,-42.05,7444513.080000001,1303522.1,2246273.9799999995,10994309.16,5404043.47,1908894.1099999999,3133477.33,10446414.91
2026-02-22,114614.79,80271.16,34343.63,42.78,161,94,67,71.28,7392664.31,1289412.2400000005,2229505.2499999995,10911581.8,5566936.269999999,1902087.67,3126789.5199999996,10595813.459999997
2026-02-23,199940.48,112294.33,87646.15,78.05,254,132,122,92.42,7326993.44,1267191.5,2213536.32,10807721.260000002,5514304.35,1889039.16,3108763.5399999996,10512107.049999999
2026-02-24,249705.45,245541.39,4164.06,1.7,294,255,39,15.29,7382803.520000001,1252800.05,2307201.6599999997,10942805.230000002,5385446.66,1871087.35,3125066.0999999996,10381600.11
2026-02-25,353511.89,478097.33,-124585.44,-26.06,450,608,-158,-25.99,7217500.430000001,1267656.1400000001,2340534.0999999996,10825690.67,5349996.28,1844855.67,3038108.34,10232960.29
2026-02-26,368958.09,560350.10,-191392.01,-34.16,453,564,-111,-19.68,7155755.540000001,1231631.2,2314991.8599999994,10702378.600000001,5152573.699999999,1737052.0399999996,2974647.42,9864273.159999998
2026-02-27,254113.32,392838.19,-138724.87,-35.31,338,435,-97,-22.3,7028247.1,1218653.94,2280543.5199999996,10527444.559999999,5038197.059999999,1790888.7999999998,3028571.7600000002,9857657.62
2026-02-28,141980.15,234711.28,-92731.13,-39.51,195,329,-134,-40.73,6956507.300000001,1409154.1,2280011.1499999994,10645672.55,4946236.17,1744703.1699999997,2957825.0100000002,9648764.35
2026-03-01,234046.33,118558.55,115487.78,97.41,296,166,130,78.31,6500682.439999999,1395376.0100000005,2255907.0799999996,10151965.53,4885953.83,1729256.78,2943217.3100000005,9558427.920000002
2026-03-02,317838.01,169513.49,148324.52,87.5,432,206,226,109.71,6326215.389999999,1448622.8699999999,2225828.5999999996,10000666.86,4804635.3599999985,1712658.08,2917563.6499999994,9434857.089999998
2026-03-03,277085.54,316897.39,-39811.85,-12.56,386,421,-35,-8.31,6321599.0,1428658.03,2264775.7499999995,10015032.78,4661936.159999999,1703302.2599999998,2863375.01,9228613.43
2026-03-04,250342.84,274320.62,-23977.78,-8.74,329,426,-97,-22.77,6277629.669999999,1420616.8599999999,2245483.7899999996,9943730.319999998,4591080.109999999,1677849.2200000002,2856409.06,9125338.39
2026-03-05,710526.22,557703.94,152822.28,27.4,572,569,3,0.53,6019336.8199999975,1351753.5400000003,2168703.5499999993,9539793.909999996,4383013.2299999995,1647233.4199999997,2956722.5300000003,8986969.18
2026-03-06,254377.07,585016.61,-330639.54,-56.52,270,528,-258,-48.86,5944434.619999998,1347026.4600000002,2229878.539999999,9521339.619999997,4702486.95,1585197.5099999998,2960911.1999999997,9248595.66
2026-03-07,149783.39,240124.69,-90341.30,-37.62,157,260,-103,-39.62,5880937.189999999,1332860.4700000004,2202775.1399999997,9416572.799999999,4661572.3900000015,1597819.9700000004,2947844.19,9207236.550000003
2026-03-08,205755.79,117060.73,88695.06,75.77,212,142,70,49.3,5787813.419999999,1316059.5100000002,2129212.5399999996,9233085.469999999,4614225.870000001,1634048.0599999998,2925779.48,9174053.41
2026-03-09,355985.00,169129.25,186855.75,110.48,388,205,183,89.27,5814214.499999999,1291644.57,2091082.9399999995,9196942.009999998,4658762.57,1613551.1200000003,2905575.72,9177889.41
2026-03-10,291977.51,209949.80,82027.71,39.07,340,206,134,65.05,5785162.499999998,1266247.4200000002,2243361.2699999996,9294771.189999998,4622459.65,1634304.8200000003,2901128.8800000004,9157893.350000001
2026-03-11,279642.97,278484.24,1158.73,0.42,315,295,20,6.78,5755729.569999998,1330492.2700000003,2259514.13,9345735.969999999,4474319.73,1453835.39,2870104.0500000003,8798259.17
2026-03-12,192447.83,372927.64,-180479.81,-48.4,237,422,-185,-43.84,5726957.079999999,1542092.3600000006,2254884.57,9523934.01,4400729.600000001,1422634.22,2876633.38,8699997.2
2026-03-13,206676.75,214271.73,-7594.98,-3.54,269,273,-4,-1.47,5705926.889999999,1551511.95,2272762.1699999995,9530201.009999998,4910422.879999999,1404912.4400000002,2843594.7899999996,9158930.11
2026-03-14,118226.43,134383.64,-16157.21,-12.02,157,168,-11,-6.55,5653827.279999998,1538027.2100000002,2255753.13,9447607.619999997,5107439.87,1462999.0099999998,2831568.9299999997,9402007.809999999
2026-03-15,183996.37,66979.19,117017.18,174.71,230,93,137,147.31,5569437.62,1520819.4000000001,2224061.6499999994,9314318.67,5086177.890000001,1456484.71,2824305.1100000003,9366967.71
2026-03-16,353411.37,107342.56,246068.81,229.24,461,135,326,241.48,5535352.669999998,1511570.7500000002,2185894.68,9232818.099999998,5113130.09,1464636.7599999998,2807953.0500000003,9385719.9
2026-03-17,361661.19,426182.12,-64520.93,-15.14,460,531,-71,-13.37,6011669.629999998,1498527.34,2245391.1099999994,9755588.079999998,4899568.500000001,1416879.13,2745072.2,9061519.830000002
2026-03-18,291055.75,279693.17,11362.58,4.06,335,373,-38,-10.19,5965143.129999998,1478499.6500000004,2252091.7899999996,9695734.569999998,4879362.470000001,1396455.6899999997,2749966.5600000005,9025784.72
2026-03-19,188525.99,160907.26,27618.73,17.16,236,222,14,6.31,5959904.2799999975,1656771.33,2256085.26,9872760.869999997,4932940.980000001,1394580.8599999996,2866406.2099999995,9193928.05
2026-03-20,160257.46,174251.74,-13994.28,-8.03,191,216,-25,-11.57,6320376.309999998,1642090.8499999999,2233894.13,10196361.289999997,5405469.420000002,1410525.4999999998,2863137.4499999997,9679132.370000001
2026-03-21,96435.45,100526.21,-4090.76,-4.07,119,131,-12,-9.16,6273229.669999998,1631791.2500000002,2223239.41,10128260.329999998,5353107.050000003,1406904.9399999997,2848881.36,9608893.350000001
2026-03-22,126268.84,98895.33,27373.51,27.68,153,129,24,18.6,6218726.299999998,1614681.92,2207970.7500000005,10041378.969999999,5304073.63,1398693.3799999997,2834215.03,9536982.04
2026-03-23,263659.98,107652.30,156007.68,144.92,294,133,161,121.05,6107030.999999997,1595521.61,2207036.6499999994,9909589.259999998,5256812.100000001,1387733.73,2812315.58,9456861.41
2026-03-24,237775.42,210199.97,27575.45,13.12,311,246,65,26.42,6225807.08,1635385.1000000003,2199561.9900000007,10060754.170000002,5177844.44,1379641.9199999997,2809685.6399999997,9367172.0
2026-03-25,427331.63,530100.14,-102768.51,-19.39,532,679,-147,-21.65,6282963.489999997,1622402.88,2365184.9199999995,10270551.289999997,4980899.610000001,1370062.49,2730618.94,9081581.040000001
2026-03-26,377924.81,441515.46,-63590.65,-14.4,497,574,-77,-13.41,6144780.33,1626366.4700000004,2453810.07,10224956.870000001,4781981.5200000005,1370996.1600000001,2650912.51,8803890.190000001
2026-03-27,257854.48,301369.13,-43514.65,-14.44,350,374,-24,-6.42,6042144.67,1615276.4700000002,2415044.94,10072466.08,4658280.09,1348920.64,2591122.1599999997,8598322.889999999
2026-03-28,145239.45,194101.89,-48862.44,-25.17,187,301,-114,-37.87,5971258.22,1603829.69,2411354.51,9986442.42,4685428.84,1418427.69,2579181.51,8683038.04
2026-03-29,162527.48,111533.92,50993.56,45.72,225,161,64,39.75,5902503.7,1581210.6100000003,2389926.23,9873640.540000001,4633695.309999999,1411645.2500000002,2560909.9799999995,8606250.54
2026-03-30,386722.44,149765.51,236956.93,158.22,505,205,300,146.34,5748703.26,1561179.8900000004,2399756.3599999994,9709639.51,4559983.09,1395809.4300000004,2543344.63,8499137.15
2026-03-31,301966.10,195851.01,106115.09,54.18,397,286,111,38.81,5896987.29,1551098.2500000005,2417549.73,9865635.270000001,4709414.93,1547057.7299999997,2499432.6799999992,8755905.339999998
2026-04-01,233733.01,387354.46,-153621.45,-39.66,332,518,-186,-35.91,6035862.610000001,1533642.09,2398519.82,9968024.520000001,5152259.259999999,1547169.4300000002,2652222.909999999,9351651.599999998
2026-04-02,116992.77,294200.91,-177208.14,-60.23,136,400,-264,-66.0,5956597.1000000015,1585497.0099999998,2387248.84,9929342.950000001,5269438.759999999,1526377.7300000002,2706873.06,9502689.549999999
2026-04-03,49441.61,226759.04,-177317.43,-78.2,64,331,-267,-80.66,5939635.400000001,1578722.0999999999,2377770.12,9896127.620000001,5598276.78,1516746.42,2663794.9500000007,9778818.15
2026-04-04,54217.66,152511.39,-98293.73,-64.45,66,235,-169,-71.91,5913347.030000002,1575220.8299999998,2368439.55,9857007.410000002,5604057.94,1510300.3499999996,2624742.49,9739100.780000001
2026-04-05,271212.42,150501.87,120710.55,80.21,197,155,42,27.1,5765314.07,1558154.7699999998,2332034.5499999993,9655503.389999999,5814883.519999999,1498640.5599999998,2595571.48,9909095.559999999
2026-04-06,364624.39,434491.82,-69867.43,-16.08,304,358,-54,-15.08,5567194.49,1530978.5300000003,2286116.6999999997,9384289.72,5586328.239999997,1449296.61,2541039.1599999997,9576664.009999998
2026-04-07,472763.93,465977.74,6786.19,1.46,447,461,-14,-3.04,5538031.319999999,1488476.4600000002,2266367.7599999993,9292875.54,5426941.159999999,1394134.59,2455914.0900000003,9276989.84
2026-04-08,467188.14,410929.48,56258.66,13.69,464,438,26,5.94,5438158.680000001,1472339.93,2371285.15,9281783.76,5299577.61,1381318.4600000002,2405258.5799999996,9086154.65
2026-04-09,269874.76,398945.96,-129071.20,-32.35,306,409,-103,-25.18,5452571.12,1458991.2099999997,2303407.02,9214969.35,5163764.98,1377533.32,2339939.32,8881237.620000001
2026-04-10,183174.37,234691.46,-51517.09,-21.95,261,301,-40,-13.29,5782433.780000001,1474504.8,2296309.1899999995,9553247.77,5197321.199999998,1363868.66,2315320.1900000004,8876510.049999999
2026-04-11,105049.14,183585.54,-78536.40,-42.78,167,213,-46,-21.6,5735745.109999999,1470545.3699999999,2282280.119999999,9488570.599999998,5117655.750000001,1346197.73,2288832.22,8752685.700000001
2026-04-12,126250.03,89575.49,36674.54,40.94,175,116,59,50.86,5660551.22,1462403.03,2267804.89,9390759.14,5073845.75,1335720.71,2277533.2899999996,8687099.75
2026-04-13,386334.87,146204.30,240130.57,164.24,469,183,286,156.28,5547100.909999999,1432151.27,2230359.8,9209611.98,5014208.61,1324297.7499999995,2242700.76,8581207.12
2026-04-14,366409.43,322350.66,44058.77,13.67,510,401,109,27.18,6002672.339999998,1409265.9600000002,2351445.669999999,9763383.969999997,4886322.050000002,1307191.8299999996,2201551.9699999997,8395065.850000001
2026-04-15,389924.54,525225.32,-135300.78,-25.76,573,695,-122,-17.55,5855722.339999999,1408314.6400000004,2444391.0799999996,9708428.059999999,4721572.659999999,1272140.47,2145224.7399999993,8138937.869999998
2026-04-16,272602.51,259988.49,12614.02,4.85,428,323,105,32.51,5793334.440000001,1613678.81,2406323.9699999993,9813337.22,4640275.09,1256492.6099999999,2321687.4799999995,8218455.179999999
2026-04-17,182651.21,91254.98,91396.23,100.15,288,142,146,102.82,5768658.32,1582336.52,2424287.4699999993,9775282.309999999,4772906.569999999,1308686.4899999998,2318012.8599999994,8399605.919999998
2026-04-18,101226.59,60498.11,40728.48,67.32,148,88,60,68.18,5724430.389999999,1566405.67,2409321.0599999996,9700157.119999997,4743800.9399999995,1306606.52,2318989.6999999997,8369397.159999998
2026-04-19,132084.82,43917.44,88167.38,200.76,181,71,110,154.93,5668614.340000002,1546772.27,2389381.2399999984,9604767.85,4721286.43,1300480.0599999998,2314735.1999999993,8336501.689999999
2026-04-20,282581.66,69579.69,213001.97,306.13,370,97,273,281.44,5645442.829999999,1527254.9800000002,2293370.6999999993,9466068.509999998,4684224.79,1291184.28,2310475.6399999997,8285884.71
2026-04-21,201022.34,109148.99,91873.35,84.17,279,160,119,74.38,5761888.409999999,1528089.27,2340054.82,9630032.5,4649078.829999998,1277260.1299999997,2289481.2300000004,8215820.189999999
2026-04-22,203710.93,219805.12,-16094.19,-7.32,266,296,-30,-10.14,5703227.920000001,1515407.46,2420605.9499999993,9639241.33,4607017.749999998,1275448.41,2252395.94,8134862.099999998
2026-04-23,163891.27,174880.79,-10989.52,-6.28,235,248,-13,-5.24,5731507.790000001,1578655.69,2399971.709999999,9710135.19,4575310.509999998,1261711.5499999998,2266270.9999999995,8103293.059999997
2026-04-24,189419.23,176996.56,12422.67,7.02,247,248,-1,-0.4,5961030.209999999,1605757.4000000001,2416792.3399999994,9983579.95,4536394.829999999,1248107.1799999997,2244804.7900000005,8029306.799999999
2026-04-25,132646.09,301399.62,-168753.53,-55.99,158,388,-230,-59.28,5897937.430000001,1593721.96,2404623.59,9896282.98,4970017.47,1239700.5499999998,2176945.09,8386663.109999999
2026-04-26,113139.75,129919.87,-16780.12,-12.92,150,200,-50,-25.0,5844597.1899999995,1583863.5000000002,2387944.0699999994,9816404.759999998,4914214.47,1229453.6300000001,2163259.51,8306927.609999999
2026-04-27,210842.73,122493.28,88349.45,72.13,277,178,99,55.62,5749011.98,1566106.03,2360439.8599999994,9675557.870000001,4862059.599999998,1217014.9500000002,2142363.4099999997,8221437.959999997
2026-04-28,361125.45,197383.33,163742.12,82.96,479,276,203,73.55,5650695.95,1613589.2100000004,2325638.7899999996,9589923.95,4762969.569999999,1207142.3399999999,2111897.39,8082009.299999999
2026-04-29,314257.01,261538.13,52718.88,20.16,424,372,52,13.98,5621883.59,1593103.4100000001,2384217.4099999997,9599204.41,4690328.909999999,1181070.36,2117979.85,7989379.119999999
2026-04-30,198569.75,218149.84,-19580.09,-8.98,308,304,4,1.32,5703717.61,1614734.0600000003,2444117.4699999993,9762569.14,4652568.059999998,1165087.7,2158655.06,7976310.819999998
2026-05-01,144591.36,140981.11,3610.25,2.56,203,193,10,5.18,5610178.83,1742693.78,2412005.4,9764878.01,4622340.75,1161456.0399999998,2119141.9600000004,7902938.75
2026-05-02,105798.83,121812.86,-16014.03,-13.15,143,167,-24,-14.37,5560759.230000001,1731375.4800000002,2392497.3099999996,9684632.020000001,4502174.529999999,1263683.0899999999,2124359.1699999995,7890216.789999999
2026-05-03,133329.08,78860.95,54468.13,69.07,197,107,90,84.11,5494812.0,1719040.9300000002,2369756.679999999,9583609.61,4469053.269999999,1258011.7499999998,2089141.5,7816206.519999999
2026-05-04,359215.12,79772.83,279442.29,350.3,355,110,245,222.73,5519122.9799999995,1953228.0400000003,2355594.139999999,9827945.159999998,4442117.62,1250537.6099999996,2068104.0299999998,7760759.26
2026-05-05,963113.35,502846.59,460266.76,91.53,744,462,282,61.04,5559387.820000001,1919146.9700000002,2141532.4899999993,9620067.280000001,4226773.709999999,1220560.5599999998,1992511.63,7439845.8999999985
2026-05-06,1079149.58,527373.39,551776.19,104.63,536,486,50,10.29,5577089.480000001,1871679.4700000002,2071466.5899999992,9520235.540000001,4022829.6100000003,1182134.77,2015143.4300000004,7220107.810000001
2026-05-07,325317.98,403878.21,-78560.23,-19.45,369,402,-33,-8.21,5649064.98,1881289.51,2094068.269999999,9624422.76,3911919.829999999,1139072.2,1989620.5000000005,7040612.529999999
2026-05-08,674476.42,256550.07,417926.35,162.9,190,305,-115,-37.7,6175453.160000001,1887623.8,2083965.6999999997,10147042.66,3930434.66,1126514.6,1942375.2899999996,6999324.549999999
2026-05-09,96749.41,131613.20,-34863.79,-26.49,138,186,-48,-25.81,6131719.8500000015,1794073.7199999993,2066848.6499999997,9992642.22,4149581.5700000003,1148674.9600000002,1940280.91,7238537.44
2026-05-10,148605.33,86548.77,62056.56,71.7,229,101,128,126.73,6059996.78,1771874.0099999993,2038981.3099999994,9870852.099999998,4106213.860000001,1137545.39,1932179.0899999996,7175938.340000001
2026-05-11,317484.54,105976.93,211507.61,199.58,400,128,272,212.5,5923043.799999999,1747519.7199999995,2038673.6400000001,9709237.159999998,4044654.63,1129371.35,1922220.4,7096246.380000001
2026-05-12,509562.05,223183.54,286378.51,128.32,305,301,4,1.33,5732718.37,1762012.0399999998,2109642.4199999995,9604372.83,4098420.84,1119006.6199999999,1907811.9,7125239.359999999
2026-05-13,421821.27,201218.28,220602.99,109.63,588,265,323,121.89,5956118.780000001,1744725.8899999994,2094304.0499999996,9795148.72,4104380.63,1114396.36,1960206.4400000002,7178983.430000001
2026-05-14,301624.38,204214.62,97409.76,47.7,448,252,196,77.78,5982600.850000003,1817142.1599999992,2033598.2799999998,9833341.290000003,4085341.7800000003,1102093.05,1917844.8199999998,7105279.65
2026-05-15,780719.50,325301.55,455417.95,140.0,345,427,-82,-19.2,7220734.240000002,1805440.19,2070048.0099999995,11096222.440000001,3974237.59,1078212.92,1870794.9899999993,6923245.499999999
2026-05-16,784652.62,186123.36,598529.26,321.58,198,258,-60,-23.26,6643677.860000001,1789529.19,2049115.9299999995,10482322.98,4250760.649999999,1087929.56,1840931.9999999993,7179622.209999998
2026-05-17,222631.64,112706.93,109924.71,97.53,300,149,151,101.34,6538412.290000003,1768771.07,2002975.23,10310158.590000004,4190235.269999999,1074706.83,1825414.6700000002,7090356.77
2026-05-18,400274.81,124710.37,275564.44,220.96,538,185,353,190.81,6533914.320000002,1780438.75,1951074.2800000003,10265427.350000001,4112048.4000000004,1061728.52,1809857.0499999996,6983633.97
2026-05-19,300093.01,234047.05,66045.96,28.22,409,322,87,27.02,6538258.000000003,1710784.5499999998,1944459.25,10193501.800000003,3729724.93,1043249.6099999999,1774964.6399999992,6547939.18
2026-05-20,324192.88,229079.94,95112.94,41.52,515,325,190,58.46,6543915.186666669,1695549.7999999998,1941588.23,10181053.216666669,3653077.990000001,1014587.8200000001,1819990.8499999999,6487656.660000001
2026-05-21,286015.54,278319.76,7695.78,2.77,401,290,111,38.28,6492466.113833334,1731959.87,1905809.2399999995,10130235.223833334,3551524.3300000005,981605.8799999999,1805942.9599999997,6339073.170000001
2026-05-22,295903.43,217588.15,78315.28,35.99,313,250,63,25.2,6425408.964833335,1763691.1800000002,1940968.5799999998,10130068.724833336,3636837.02,971487.4299999999,1791588.7199999997,6399913.17
2026-05-23,131173.49,278626.74,-147453.25,-52.92,174,407,-233,-57.25,6407528.754833335,1753629.52,1915147.8499999999,10076306.124833334,3717374.7500000005,1097289.16,1815349.6299999997,6630013.54
2026-05-24,140707.06,151339.44,-10632.38,-7.03,192,198,-6,-3.03,6282422.524833335,1741079.33,1893447.6699999997,9916949.524833335,3641817.0500000003,1083791.2699999998,1794863.5399999996,6520471.859999999
2026-05-25,485995.43,142017.75,343977.68,242.21,560,190,370,194.74,6074889.971833335,1844639.0200000003,1854113.2699999996,9773642.261833336,3641632.8500000006,1072028.52,1769215.8999999997,6482877.2700000005
2026-05-26,451198.66,299402.35,151796.31,50.7,573,428,145,33.88,6013306.031833335,1792880.1,1845558.5199999998,9651744.651833335,3613154.2600000002,1067381.39,1726742.4,6407278.050000001
2026-05-27,379532.22,340709.02,38823.20,11.39,474,510,-36,-7.06,6132837.781833334,1907127.82,1792117.92,9832083.521833334,3771797.93,1060718.54,1676759.8199999998,6509276.290000001
2026-05-28,315960.41,330926.47,-14966.06,-4.52,411,419,-8,-1.91,6276942.481833334,1956777.1600000001,1967111.1999999997,10200830.841833334,3630724.4700000007,1119860.5,1733135.0100000002,6483719.98
2026-05-29,242228.10,229025.34,13202.76,5.76,414,328,86,26.22,6340015.441833335,1992682.9500000002,1963401.05,10296099.441833336,3555136.1600000006,1110482.25,1697054.4999999998,6362672.91
2026-05-30,121630.47,101651.32,19979.15,19.65,183,172,11,6.4,6276449.781833334,1977152.9900000002,1946161.8499999999,10199764.621833334,3572168.5200000005,1172096.95,1861021.8599999999,6605287.33
2026-05-31,209104.71,81251.89,127852.82,157.35,261,104,157,150.96,6192610.351833335,1948267.6999999997,1923106.09,10063984.141833335,3540637.2100000004,1168310.92,1841525.93,6550474.0600000005
2026-06-01,344974.32,101681.54,243292.78,239.27,405,138,267,193.48,6230340.431833334,1914643.8499999996,1940456.8499999999,10085441.131833334,3499372.44,1161756.9200000002,1819021.08,6480150.44
2026-06-02,297682.12,173359.82,124322.30,71.71,359,269,90,33.46,6745736.921833336,1921703.3999999997,2007666.92,10675107.241833337,3711726.67,1148607.0899999999,1817958.7000000002,6678292.46
2026-06-03,255303.33,260052.70,-4749.37,-1.83,308,333,-25,-7.51,6795508.901833334,1931543.0900000003,2001121.1899999997,10728173.181833334,3896022.0800000005,1107969.31,1934862.7999999998,6938854.19
2026-06-04,327205.73,192470.35,134735.38,70.0,355,251,104,41.43,7062456.7901666695,1952650.8099999996,2261260.6500000004,11276368.25016667,3810870.8700000006,1091744.39,1894594.55,6797209.8100000005
2026-06-05,730399.42,199806.80,530592.62,265.55,527,275,252,91.64,7122531.925166667,1874157.0999999996,2359436.3896666663,11356125.414833333,3930621.2400000007,1142567.5199999996,1871750.46,6944939.22
2026-06-06,229476.63,642777.93,-413301.30,-64.3,203,490,-287,-58.57,7011875.18575,1846157.2499999998,2334965.6846666667,11192998.120416667,3673832.250000001,1069604.54,1861286.1999999997,6604722.99
2026-06-07,226308.18,165263.02,61045.16,36.94,227,170,57,33.53,6911018.551583333,1814028.1899999997,2304337.7734166663,11029384.514999999,3582546.2800000007,1063220.0899999999,1843590.5799999998,6489356.950000001
2026-06-08,491968.33,192388.77,299579.56,155.72,473,187,286,152.94,6933924.616916668,1802289.0,2380268.633416666,11116482.250333333,3478396.51,1031158.1799999999,1825133.48,6334688.17
2026-06-09,418446.77,327291.39,91155.38,27.85,443,372,71,19.09,7523698.729083334,1802386.22,2398468.3032499994,11724553.252333334,3557236.790000001,1010165.8800000001,1791769.86,6359172.530000001
2026-06-10,458242.26,265961.52,192280.74,72.3,426,328,98,29.88,7441666.467000002,1780858.4545833333,2416645.4632499996,11639170.384833336,3500305.8700000006,988174.99,1870825.7299999997,6359306.59
2026-06-11,258664.05,256384.53,2279.52,0.89,331,334,-3,-0.9,8423419.040750004,2205468.726666667,2442768.0707499995,13071655.83816667,3478097.8200000003,971701.3399999997,1826294.8900000001,6276094.050000001
2026-06-12,169250.40,186622.63,-17372.23,-9.31,244,241,3,1.24,8448213.332750002,2219443.576666667,2428292.9207499996,13095949.830166668,3447893.82,973698.4499999998,1872601.2099999995,6294193.479999999
2026-06-13,202089.22,77585.91,124503.31,160.47,235,122,113,92.62,8341403.787333335,2207269.626666667,2393725.53075,12942398.94475,3576583.979999999,968365.8699999999,1871001.61,6415951.459999999
2026-06-14,188364.31,65846.69,122517.62,186.06,245,75,170,226.67,8245007.723583334,2194430.1295833336,2363093.440749999,12802531.293916667,3545626.2500000005,964656.0199999998,1862222.0899999999,6372504.36
2026-06-15,447109.93,55941.52,391168.41,699.25,556,79,477,603.8,8094096.744416669,2176821.6683333335,2342185.62075,12613104.0335,3524325.939999999,959696.7,1849666.98,6333689.619999999
2026-06-16,266466.67,322460.37,-55993.70,-17.36,386,439,-53,-12.07,7973922.961916668,2136915.295,2298592.5007499997,12409430.757666668,3392278.26,934845.21,1777624.9000000001,6104748.37
2026-06-17,449324.87,296563.98,152760.89,51.51,487,413,74,17.92,7955239.10025,2094281.6929166666,2272071.6882499997,12321592.481416667,3746891.0400000005,972331.0399999997,1862708.2700000005,6581930.350000001
2026-06-18,336312.63,233357.85,102954.78,44.12,370,356,14,3.93,8113270.64025,2119931.802916667,2354841.5082499995,12588043.951416668,3775181.23,967146.1599999997,1823808.1899999995,6566135.579999999
2026-06-19,212490.22,248781.49,-36291.27,-14.59,227,324,-97,-29.94,8041381.034416667,2117317.185416667,2231628.300583333,12390326.520416666,3703496.1200000006,999894.0099999998,1817002.7099999997,6520392.840000001
2026-06-20,110489.33,136301.94,-25812.61,-18.94,149,191,-42,-21.99,7990322.203166667,2101807.99475,2215661.2405833327,12307791.4385,3715587.8200000003,1076987.16,1834606.92,6627181.9
2026-06-21,175186.55,83247.20,91939.35,110.44,264,113,151,133.63,7921851.705666667,2048829.1793333332,2197518.518083333,12168199.403083332,3682807.6500000004,1069164.69,1817323.9099999997,6569296.25
2026-06-22,274531.06,95265.38,179265.68,188.18,333,129,204,158.14,7456542.299416669,1869956.5968333334,2186438.304333333,11512937.200583335,3642309.280000001,1057895.38,1802379.8699999996,6502584.530000001
2026-06-23,1455.47,201534.84,-200079.37,-99.28,3,262,-259,-98.85,7455460.9794166675,1869956.5968333334,2186342.0243333336,11511759.600583335,3647170.1599999997,1054726.78,1773839.7499999998,6475736.6899999995
2026-06-24,0.00,245540.55,-245540.55,-100.0,0,323,-323,-100.0,7455460.9794166675,1869956.5968333334,2186342.0243333336,11511759.600583335,3643463.010000001,1031477.9900000001,1859509.8299999994,6534450.83
2026-06-25,0.00,361019.64,-361019.64,-100.0,0,521,-521,-100.0,7455460.9794166675,1869956.5968333334,2186342.0243333336,11511759.600583335,3535705.4000000004,1015490.2000000001,1793177.8199999998,6344373.42
2026-06-26,0.00,235082.86,-235082.86,-100.0,0,344,-344,-100.0,7455460.9794166675,1869956.5968333334,2186342.0243333336,11511759.600583335,3451836.6700000013,999164.3099999999,1739466.7600000005,6190467.740000002
2026-06-27,0.00,180460.78,-180460.78,-100.0,0,241,-241,-100.0,7455460.979416666,1869956.5968333334,2186342.0243333336,11511759.600583332,3465736.4599999995,1034184.4499999998,1752631.3599999999,6252552.27
2026-06-28,0.00,92517.04,-92517.04,-100.0,0,143,-143,-100.0,7455460.979416666,1869956.5968333334,2186342.0243333336,11511759.600583332,3429124.2300000004,1025518.27,1733635.8499999999,6188278.35
2026-06-29,0.00,102364.97,-102364.97,-100.0,0,149,-149,-100.0,7455460.979416666,1869956.5968333334,2186342.0243333336,11511759.600583332,3387054.7600000002,1019333.32,1709839.6099999996,6116227.6899999995
2026-06-30,0.00,260699.93,-260699.93,-100.0,0,380,-380,-100.0,7455460.979416666,1869956.5968333334,2186342.0243333336,11511759.600583332,3420797.7600000002,975378.36,1674182.2499999995,6070358.369999999
2026-07-01,0.00,358467.94,-358467.94,-100.0,0,339,-339,-100.0,7455460.979416666,1869956.5968333334,2186342.0243333336,11511759.600583332,3501500.560000001,924056.2999999999,1744689.92,6170246.780000001
2026-07-02,0.00,280445.12,-280445.12,-100.0,0,406,-406,-100.0,7455460.979416666,1869956.5968333334,2186342.0243333336,11511759.600583332,3378932.23,902274.8700000001,1691235.18,5972442.279999999
2026-07-03,0.00,227395.65,-227395.65,-100.0,0,306,-306,-100.0,7455460.979416666,1869956.5968333334,2186342.0243333336,11511759.600583332,3376483.0000000005,901180.49,1643638.0499999998,5921301.54
2026-07-04,0.00,139972.21,-139972.21,-100.0,0,187,-187,-100.0,7455460.979416666,1869956.5968333334,2186342.0243333336,11511759.600583332,3450941.909999999,894116.3200000001,1604665.5199999996,5949723.749999999
2026-07-05,0.00,74123.74,-74123.74,-100.0,0,105,-105,-100.0,7455460.979416666,1869956.5968333334,2186342.0243333336,11511759.600583332,3444536.43,887131.9800000002,1622604.12,5954272.53
2026-07-06,0.00,88397.95,-88397.95,-100.0,0,109,-109,-100.0,7455460.979416666,1869956.5968333334,2186342.0243333336,11511759.600583332,3413899.5800000005,879922.87,1599755.5699999998,5893578.02
2026-07-07,0.00,753700.22,-753700.22,-100.0,0,577,-577,-100.0,7455460.979416666,1869956.5968333334,2186342.0243333336,11511759.600583332,3058369.6199999996,826879.4299999999,1492902.05,5378151.1
2026-07-08,0.00,376866.58,-376866.58,-100.0,0,392,-392,-100.0,7455460.979416666,1869956.5968333334,2186342.0243333336,11511759.600583332,3154577.999999999,795474.3500000001,1591613.51,5541665.859999999
2026-07-09,0.00,314283.17,-314283.17,-100.0,0,321,-321,-100.0,7455460.979416666,1869956.5968333334,2186342.0243333336,11511759.600583332,3166874.720000001,765554.3,1537839.02,5470268.040000001
2026-07-10,0.00,204015.27,-204015.27,-100.0,0,238,-238,-100.0,7455460.979416666,1869956.5968333334,2186342.0243333336,11511759.600583332,3076072.87,779018.3000000002,1514669.95,5369761.12
2026-07-11,0.00,125760.08,-125760.08,-100.0,0,156,-156,-100.0,7455460.979416666,1869956.5968333334,2186342.0243333336,11511759.600583332,3137292.7600000007,793953.1400000002,1676950.9200000002,5608196.820000001
2026-07-12,0.00,73496.42,-73496.42,-100.0,0,81,-81,-100.0,7455460.979416666,1869956.5968333334,2186342.0243333336,11511759.600583332,3108269.7999999993,804870.4500000002,1680114.1400000004,5593254.39
2026-07-13,0.00,84716.85,-84716.85,-100.0,0,108,-108,-100.0,7455460.979416666,1869956.5968333334,2186342.0243333336,11511759.600583332,3099114.2299999995,797638.57,1669602.82,5566355.619999999
2026-07-14,0.00,219650.15,-219650.15,-100.0,0,275,-275,-100.0,7455460.979416666,1869956.5968333334,2186342.0243333336,11511759.600583332,3205686.57,795677.21,1652155.18,5653518.96
2026-07-15,0.00,433543.60,-433543.60,-100.0,0,573,-573,-100.0,7455460.979416666,1869956.5968333334,2186342.0243333336,11511759.600583332,3242658.4699999997,779153.4600000001,1733503.91,5755315.84
2026-07-16,0.00,316172.48,-316172.48,-100.0,0,412,-412,-100.0,7455460.979416666,1869956.5968333334,2186342.0243333336,11511759.600583332,3172787.2699999996,756085.9400000001,1676094.21,5604967.42
2026-07-17,0.00,219295.73,-219295.73,-100.0,0,303,-303,-100.0,7455460.979416666,1869956.5968333334,2186342.0243333336,11511759.600583332,3255239.1,826391.49,1656198.1199999996,5737828.709999999
2026-07-18,0.00,144137.46,-144137.46,-100.0,0,200,-200,-100.0,7455460.979416666,1869956.5968333334,2186342.0243333336,11511759.600583332,3851118.22,803596.25,1708694.49,6363408.960000001
2026-07-19,0.00,89644.71,-89644.71,-100.0,0,117,-117,-100.0,7455460.979416666,1869956.5968333334,2186342.0243333336,11511759.600583332,3806682.04,795489.9500000001,1695476.76,6297648.75
2026-07-20,0.00,132507.87,-132507.87,-100.0,0,171,-171,-100.0,7455460.979416666,1869956.5968333334,2186342.0243333336,11511759.600583332,3742511.06,784833.1800000003,1677436.7899999998,6204781.03
2026-07-21,0.00,284046.78,-284046.78,-100.0,0,327,-327,-100.0,7455460.979416666,1869956.5968333334,2186342.0243333336,11511759.600583332,3780222.4200000004,765962.6900000001,1651463.6800000002,6197648.790000001
2026-07-22,0.00,225130.30,-225130.30,-100.0,0,261,-261,-100.0,7455460.979416666,1869956.5968333334,2186342.0243333336,11511759.600583332,3968564.1199999996,754521.6000000001,1669192.57,6392278.29
2026-07-23,0.00,208496.08,-208496.08,-100.0,0,254,-254,-100.0,7455460.979416666,1869956.5968333334,2186342.0243333336,11511759.600583332,3931731.6399999997,741985.3099999999,1635654.9299999997,6309371.879999999
2026-07-24,0.00,204833.83,-204833.83,-100.0,0,205,-205,-100.0,7455460.979416666,1869956.5968333334,2186342.0243333336,11511759.600583332,3864157.4000000004,872069.39,1616492.7200000002,6352719.51
2026-07-25,0.00,342592.33,-342592.33,-100.0,0,454,-454,-100.0,7455460.979416666,1869956.5968333334,2186342.0243333336,11511759.600583332,4208035.159999999,883706.9299999999,1532082.95,6623825.039999999
2026-07-26,0.00,135525.78,-135525.78,-100.0,0,178,-178,-100.0,7455460.979416666,1869956.5968333334,2186342.0243333336,11511759.600583332,4144406.8700000006,871045.11,1510547.5799999998,6525999.5600000005
2026-07-27,0.00,166727.22,-166727.22,-100.0,0,215,-215,-100.0,7455460.979416666,1869956.5968333334,2186342.0243333336,11511759.600583332,4064247.710000001,858187.3199999998,1481756.7200000002,6404191.750000002
2026-07-28,0.00,313534.04,-313534.04,-100.0,0,413,-413,-100.0,7455460.979416666,1869956.5968333334,2186342.0243333336,11511759.600583332,4090371.920000001,853029.9900000002,1486886.58,6430288.490000001
2026-07-29,0.00,312230.76,-312230.76,-100.0,0,423,-423,-100.0,7455460.979416666,1869956.5968333334,2186342.0243333336,11511759.600583332,4327180.870000001,859181.7899999999,1623706.7400000002,6810069.400000001
2026-07-30,0.00,255941.27,-255941.27,-100.0,0,384,-384,-100.0,7455460.979416666,1869956.5968333334,2186342.0243333336,11511759.600583332,4254460.410000001,872156.8999999999,1584051.5799999998,6710668.890000001
2026-07-31,0.00,241280.41,-241280.41,-100.0,0,319,-319,-100.0,7455460.979416666,1869956.5968333334,2186342.0243333336,11511759.600583332,4155612.8699999996,871488.7299999999,1574130.6299999994,6601232.229999999
2026-08-01,0.00,158826.68,-158826.68,-100.0,0,201,-201,-100.0,7455460.979416666,1869956.5968333334,2186342.0243333336,11511759.600583332,4146631.3000000007,896311.7199999999,1563226.65,6606169.67
2026-08-02,0.00,73620.02,-73620.02,-100.0,0,127,-127,-100.0,7455460.979416666,1869956.5968333334,2186342.0243333336,11511759.600583332,4115260.0400000005,888884.9999999999,1551627.68,6555772.72
2026-08-03,0.00,100371.64,-100371.64,-100.0,0,144,-144,-100.0,7455460.979416666,1869956.5968333334,2186342.0243333336,11511759.600583332,4066679.3900000015,879271.0199999998,1534919.6900000002,6480870.1000000015
2026-08-04,0.00,218811.53,-218811.53,-100.0,0,291,-291,-100.0,7455460.979416666,1869956.5968333334,2186342.0243333336,11511759.600583332,4148844.5000000005,866370.74,1602306.0899999999,6617521.33
2026-08-05,0.00,884041.86,-884041.86,-100.0,0,678,-678,-100.0,7455460.979416666,1869956.5968333334,2186342.0243333336,11511759.600583332,4030634.4699999997,818812.7900000002,1554813.36,6404260.62
2026-08-06,0.00,506912.92,-506912.92,-100.0,0,482,-482,-100.0,7455460.979416666,1869956.5968333334,2186342.0243333336,11511759.600583332,3885047.5,796387.7300000001,1498592.2699999998,6180027.5
2026-08-07,0.00,289869.04,-289869.04,-100.0,0,298,-298,-100.0,7455460.979416666,1869956.5968333334,2186342.0243333336,11511759.600583332,3992628.2600000002,1209186.0499999998,1447458.5000000002,6649272.8100000005
2026-08-08,0.00,188981.75,-188981.75,-100.0,0,183,-183,-100.0,7455460.979416666,1869956.5968333334,2186342.0243333336,11511759.600583332,4140767.380000001,1212004.5999999996,1503325.7200000002,6856097.700000001
2026-08-09,0.00,97767.02,-97767.02,-100.0,0,94,-94,-100.0,7455460.979416666,1869956.5968333334,2186342.0243333336,11511759.600583332,4114831.3300000005,1204350.4299999997,1486108.5000000002,6805290.26
2026-08-10,0.00,148440.04,-148440.04,-100.0,0,140,-140,-100.0,7455460.979416666,1869956.5968333334,2186342.0243333336,11511759.600583332,4120786.130000001,1175801.7,1472682.0399999998,6769269.870000001
2026-08-11,0.00,267144.29,-267144.29,-100.0,0,263,-263,-100.0,7455460.979416666,1869956.5968333334,2186342.0243333336,11511759.600583332,4090127.830000001,1173057.9,1472574.1399999997,6735759.87
2026-08-12,0.00,229790.43,-229790.43,-100.0,0,272,-272,-100.0,7455460.979416666,1869956.5968333334,2186342.0243333336,11511759.600583332,4153701.5900000003,1179235.1500000001,1582642.99,6915579.73
2026-08-13,0.00,224951.71,-224951.71,-100.0,0,253,-253,-100.0,7455460.979416666,1869956.5968333334,2186342.0243333336,11511759.600583332,4211221.62,1163215.13,1546354.6700000002,6920791.42
2026-08-14,0.00,183092.66,-183092.66,-100.0,0,208,-208,-100.0,7455460.979416667,1869956.5968333334,2186342.0243333336,11511759.600583334,4207537.73,1196326.73,1562608.86,6966473.320000001
2026-08-15,0.00,189628.21,-189628.21,-100.0,0,243,-243,-100.0,7455460.979416667,1869956.5968333334,2186342.0243333336,11511759.600583334,4260564.910000001,1189832.61,1576888.34,7027285.860000001
2026-08-16,0.00,95223.79,-95223.79,-100.0,0,128,-128,-100.0,7455460.979416667,1869956.5968333334,2186342.0243333336,11511759.600583334,4220453.640000001,1180435.0500000003,1562943.0100000005,6963831.700000002
2026-08-17,0.00,168661.82,-168661.82,-100.0,0,171,-171,-100.0,7455460.979416667,1869956.5968333334,2186342.0243333336,11511759.600583334,4151104.0600000005,1149352.8599999999,1526641.88,6827098.8
2026-08-18,0.00,382398.68,-382398.68,-100.0,0,507,-507,-100.0,7455460.979416667,1869956.5968333334,2186342.0243333336,11511759.600583334,4024648.460000001,1123393.3599999999,1480041.4000000001,6628083.220000001
2026-08-19,0.00,302113.71,-302113.71,-100.0,0,370,-370,-100.0,7455460.979416667,1869956.5968333334,2186342.0243333336,11511759.600583334,3945468.94,1094866.2800000003,1501101.7600000002,6541436.98
2026-08-20,0.00,282988.57,-282988.57,-100.0,0,326,-326,-100.0,7455460.979416667,1869956.5968333334,2186342.0243333336,11511759.600583334,3922622.6600000015,1077256.3699999999,1470080.2700000003,6469959.300000002
2026-08-21,0.00,165624.04,-165624.04,-100.0,0,209,-209,-100.0,7455460.979416667,1869956.5968333334,2186342.0243333336,11511759.600583334,4248477.380000001,1090455.9499999997,1499699.1900000002,6838632.5200000005
2026-08-22,0.00,115782.74,-115782.74,-100.0,0,157,-157,-100.0,7455460.979416667,1869956.5968333334,2186342.0243333336,11511759.600583334,4346147.5200000005,1102971.1699999997,1487341.32,6936460.010000001
2026-08-23,0.00,91660.43,-91660.43,-100.0,0,119,-119,-100.0,7455460.979416667,1869956.5968333334,2186342.0243333336,11511759.600583334,4300816.279999999,1087865.5399999998,1479312.2700000003,6867994.09
2026-08-24,0.00,159880.11,-159880.11,-100.0,0,180,-180,-100.0,7455460.979416667,1869956.5968333334,2186342.0243333336,11511759.600583334,4219989.970000001,1065553.02,1467384.04,6752927.03
2026-08-25,0.00,419468.77,-419468.77,-100.0,0,519,-519,-100.0,7455460.979416667,1869956.5968333334,2186342.0243333336,11511759.600583334,4249450.53,1037170.3599999998,1396790.87,6683411.76
2026-08-26,0.00,376012.42,-376012.42,-100.0,0,481,-481,-100.0,7455460.979416667,1869956.5968333334,2186342.0243333336,11511759.600583334,4143757.4,1021567.41,1513733.9600000002,6679058.77
2026-08-27,0.00,399340.80,-399340.80,-100.0,0,471,-471,-100.0,7455460.979416667,1869956.5968333334,2186342.0243333336,11511759.600583334,4476279.69,969625.8599999999,1484126.0599999998,6930031.61
2026-08-28,0.00,321732.75,-321732.75,-100.0,0,407,-407,-100.0,7455460.979416667,1869956.5968333334,2186342.0243333336,11511759.600583334,4382773.57,1012070.57,1473985.4800000002,6868829.620000001
2026-08-29,0.00,219688.68,-219688.68,-100.0,0,249,-249,-100.0,7455460.979416667,1869956.5968333334,2186342.0243333336,11511759.600583334,4478020.5200000005,1033536.31,1551443.5700000003,7063000.4
2026-08-30,0.00,114738.71,-114738.71,-100.0,0,165,-165,-100.0,7455460.979416667,1869956.5968333334,2186342.0243333336,11511759.600583334,4422494.969999999,1023856.8,1530631.4200000004,6976983.1899999995
2026-08-31,0.00,152259.31,-152259.31,-100.0,0,178,-178,-100.0,7455460.979416667,1869956.5968333334,2186342.0243333336,11511759.600583334,4359998.62,989754.9199999999,1514826.9,6864580.4399999995
2026-09-01,0.00,298284.02,-298284.02,-100.0,0,355,-355,-100.0,7455460.979416667,1869956.5968333334,2186342.0243333336,11511759.600583334,4240160.190000001,951332.52,1920672.2900000003,7112165.000000001
2026-09-02,0.00,314749.69,-314749.69,-100.0,0,338,-338,-100.0,7455460.979416667,1869956.5968333334,2186342.0243333336,11511759.600583334,4474714.800000001,941375.6000000002,1949391.24,7365481.6400000015
2026-09-03,0.00,249385.55,-249385.55,-100.0,0,321,-321,-100.0,7455460.979416667,1869956.5968333334,2186342.0243333336,11511759.600583334,6150775.609999999,937225.7799999998,2108255.8400000003,9196257.229999999
2026-09-04,0.00,185294.05,-185294.05,-100.0,0,233,-233,-100.0,7455460.979416667,1869956.5968333334,2186342.0243333336,11511759.600583334,6129084.610000001,1128717.48,2240411.65,9498213.740000002
2026-09-05,0.00,707611.82,-707611.82,-100.0,0,511,-511,-100.0,7455460.979416667,1869956.5968333334,2186342.0243333336,11511759.600583334,6053349.1899999995,1897598.8099999998,2178932.65,10129880.649999999
2026-09-06,0.00,201874.82,-201874.82,-100.0,0,165,-165,-100.0,7455460.979416667,1869956.5968333334,2186342.0243333336,11511759.600583334,5948312.059999999,1867664.8999999997,2164086.89,9980063.849999998
2026-09-07,0.00,273451.33,-273451.33,-100.0,0,242,-242,-100.0,7455460.979416667,1869956.5968333334,2186342.0243333336,11511759.600583334,5814299.639999999,1843956.6599999997,2130897.01,9789153.309999999
2026-09-08,0.00,423862.07,-423862.07,-100.0,0,407,-407,-100.0,7455460.979416667,1869956.5968333334,2186342.0243333336,11511759.600583334,5696465.880000001,2148639.6499999994,2143432.9099999997,9988538.44
2026-09-09,0.00,349384.90,-349384.90,-100.0,0,361,-361,-100.0,7455460.979416667,1869956.5968333334,2186342.0243333336,11511759.600583334,6069893.090000001,2117586.869999999,2314458.090000001,10501938.05
2026-09-10,0.00,244458.04,-244458.04,-100.0,0,279,-279,-100.0,7455460.979416667,1869956.5968333334,2186342.0243333336,11511759.600583334,5954336.720000001,2231215.2599999993,2283068.5100000002,10468620.49
2026-09-11,0.00,251267.69,-251267.69,-100.0,0,241,-241,-100.0,7455460.979416667,1869956.5968333334,2186342.0243333336,11511759.600583334,6129883.249999999,2232375.2899999996,2433269.18,10795527.719999999
2026-09-12,0.00,138343.83,-138343.83,-100.0,0,136,-136,-100.0,7455460.979416667,1869956.5968333334,2186342.0243333336,11511759.600583334,6101363.04,2205790.1799999997,2435268.1500000004,10742421.370000001
2026-09-13,0.00,143548.42,-143548.42,-100.0,0,147,-147,-100.0,7455460.979416667,1869956.5968333334,2186342.0243333336,11511759.600583334,6042960.8500000015,2176117.2199999997,2415380.0800000005,10634458.150000002
2026-09-14,0.00,158334.99,-158334.99,-100.0,0,191,-191,-100.0,7455460.979416667,1869956.5968333334,2186342.0243333336,11511759.600583334,5956574.6,2161455.19,2397332.6800000006,10515362.469999999
2026-09-15,0.00,411353.67,-411353.67,-100.0,0,508,-508,-100.0,7455460.979416667,1869956.5968333334,2186342.0243333336,11511759.600583334,5874966.7700000005,2109820.03,2352827.14,10337613.940000001
2026-09-16,0.00,324855.55,-324855.55,-100.0,0,408,-408,-100.0,7455460.979416667,1869956.5968333334,2186342.0243333336,11511759.600583334,6448881.33,2089119.4899999993,2345602.7,10883603.52
2026-09-17,0.00,272824.08,-272824.08,-100.0,0,357,-357,-100.0,7455460.979416667,1869956.5968333334,2186342.0243333336,11511759.600583334,6386488.01,2090360.7499999993,2730172.3899999997,11207021.149999999
2026-09-18,0.00,202705.53,-202705.53,-100.0,0,256,-256,-100.0,7455460.979416667,1869956.5968333334,2186342.0243333336,11511759.600583334,6403766.830000001,2100075.8,2726192.2600000002,11230034.89
2026-09-19,0.00,163673.42,-163673.42,-100.0,0,170,-170,-100.0,7455460.979416667,1869956.5968333334,2186342.0243333336,11511759.600583334,6358246.870000001,2169636.6599999997,2735065.4400000004,11262948.970000003
2026-09-20,0.00,67057.53,-67057.53,-100.0,0,92,-92,-100.0,7455460.979416667,1869956.5968333334,2186342.0243333336,11511759.600583334,6324596.59,2164888.529999999,2725237.36,11214722.479999999
2026-09-21,0.00,144613.13,-144613.13,-100.0,0,151,-151,-100.0,7455460.979416667,1869956.5968333334,2186342.0243333336,11511759.600583334,6276998.010000002,2131230.5999999996,2701592.75,11109821.360000001
2026-09-22,0.00,249833.49,-249833.49,-100.0,0,309,-309,-100.0,7455460.979416667,1869956.5968333334,2186342.0243333336,11511759.600583334,6188063.880000001,2121105.4399999995,2676628.7000000007,10985798.020000001
2026-09-23,0.00,204599.96,-204599.96,-100.0,0,233,-233,-100.0,7455460.979416667,1869956.5968333334,2186342.0243333336,11511759.600583334,6593357.990000001,2110308.1099999994,2742834.3900000006,11446500.490000002
2026-09-24,0.00,187926.45,-187926.45,-100.0,0,223,-223,-100.0,7455460.979416667,1869956.5968333334,2186342.0243333336,11511759.600583334,6714580.850000001,2123799.05,2818481.16,11656861.06
2026-09-25,0.00,439889.65,-439889.65,-100.0,0,445,-445,-100.0,7455460.979416667,1869956.5968333334,2186342.0243333336,11511759.600583334,6975896.420000001,2181055.0500000003,2738836.5800000005,11895788.05
2026-09-26,0.00,229704.66,-229704.66,-100.0,0,302,-302,-100.0,7455460.979416667,1869956.5968333334,2186342.0243333336,11511759.600583334,6898790.840000002,2177879.39,2756918.0799999996,11833588.310000002
2026-09-27,0.00,147375.50,-147375.50,-100.0,0,176,-176,-100.0,7455460.979416667,1869956.5968333334,2186342.0243333336,11511759.600583334,6834069.33,2158542.5899999994,2735440.7499999995,11728052.67
2026-09-28,0.00,182318.21,-182318.21,-100.0,0,209,-209,-100.0,7455460.979416667,1869956.5968333334,2186342.0243333336,11511759.600583334,6755731.510000002,2135246.6200000006,2705515.7300000004,11596493.860000003
2026-09-29,0.00,297598.06,-297598.06,-100.0,0,393,-393,-100.0,7455460.979416667,1869956.5968333334,2186342.0243333336,11511759.600583334,6835123.379999999,2112060.8100000005,2668425.6100000003,11615609.8
2026-09-30,0.00,301971.06,-301971.06,-100.0,0,408,-408,-100.0,7455460.979416667,1869956.5968333334,2186342.0243333336,11511759.600583334,7030557.300000001,2199409.04,2772717.7000000007,12002684.040000001
2026-10-01,0.00,289206.05,-289206.05,-100.0,0,371,-371,-100.0,7455460.979416667,1869956.5968333334,2186342.0243333336,11511759.600583334,7126587.519999999,2187421.67,2731957.6400000006,12045966.829999998
2026-10-02,0.00,279143.32,-279143.32,-100.0,0,278,-278,-100.0,7455460.979416667,1869956.5968333334,2186342.0243333336,11511759.600583334,7169139.68,2207847.1499999994,2775713.4099999997,12152700.239999998
2026-10-03,0.00,121060.65,-121060.65,-100.0,0,157,-157,-100.0,7455460.979416667,1869956.5968333334,2186342.0243333336,11511759.600583334,7323930.029999998,2206331.7800000003,2670930.8,12201192.61
2026-10-04,0.00,73648.11,-73648.11,-100.0,0,93,-93,-100.0,7455460.979416667,1869956.5968333334,2186342.0243333336,11511759.600583334,7288591.969999998,2204846.2100000004,2661739.4000000004,12155177.579999998
2026-10-05,0.00,237297.29,-237297.29,-100.0,0,196,-196,-100.0,7455460.979416667,1869956.5968333334,2186342.0243333336,11511759.600583334,7173857.329999998,2185189.2399999998,2616925.33,11975971.899999999
2026-10-06,0.00,924853.39,-924853.39,-100.0,0,692,-692,-100.0,7455460.979416667,1869956.5968333334,2186342.0243333336,11511759.600583334,6886496.03,2077019.3099999994,2550107.63,11513622.969999999
2026-10-07,0.00,401653.83,-401653.83,-100.0,0,400,-400,-100.0,7455460.979416667,1869956.5968333334,2186342.0243333336,11511759.600583334,7105006.829999999,1982744.47,2528386.84,11616138.139999999
2026-10-08,0.00,399732.37,-399732.37,-100.0,0,445,-445,-100.0,7455460.979416667,1869956.5968333334,2186342.0243333336,11511759.600583334,7032581.630000001,1935261.6299999992,2601432.6199999996,11569275.879999999
2026-10-09,0.00,270096.47,-270096.47,-100.0,0,269,-269,-100.0,7455460.979416667,1869956.5968333334,2186342.0243333336,11511759.600583334,7328976.049999999,1982943.7899999996,2601386.1999999997,11913306.039999997
2026-10-10,0.00,131609.67,-131609.67,-100.0,0,159,-159,-100.0,7455460.979416667,1869956.5968333334,2186342.0243333336,11511759.600583334,7362187.549999998,1982605.26,2584701.5,11929494.309999999
2026-10-11,0.00,85895.40,-85895.40,-100.0,0,101,-101,-100.0,7455460.979416667,1869956.5968333334,2186342.0243333336,11511759.600583334,7337537.879999999,1968698.3199999998,2713807.5200000005,12020043.719999999
2026-10-12,0.00,114085.93,-114085.93,-100.0,0,139,-139,-100.0,7455460.9794166675,1869956.5968333334,2186342.0243333336,11511759.600583335,7282661.799999998,1949728.46,2703575.2800000003,11935965.54
2026-10-13,0.00,331036.10,-331036.10,-100.0,0,413,-413,-100.0,7455460.9794166675,1869956.5968333334,2186342.0243333336,11511759.600583335,7296426.959999999,1932161.14,2823431.2600000002,12052019.36
2026-10-14,0.00,347498.93,-347498.93,-100.0,0,412,-412,-100.0,7455460.9794166675,1869956.5968333334,2186342.0243333336,11511759.600583335,7579265.2299999995,2012715.0099999995,2773338.360000001,12365318.6
2026-10-15,0.00,372442.21,-372442.21,-100.0,0,433,-433,-100.0,7455460.9794166675,1869956.5968333334,2186342.0243333336,11511759.600583335,7469067.61,2002499.3299999991,2831755.6500000004,12303322.59
2026-10-16,0.00,262418.45,-262418.45,-100.0,0,303,-303,-100.0,7455460.9794166675,1869956.5968333334,2186342.0243333336,11511759.600583335,7497525.609999999,2146464.519999999,2820689.43,12464679.559999999
2026-10-17,0.00,179534.96,-179534.96,-100.0,0,236,-236,-100.0,7455460.9794166675,1869956.5968333334,2186342.0243333336,11511759.600583335,7571497.019999999,1502951.71,2802107.35,11876556.079999998
2026-10-18,0.00,88285.94,-88285.94,-100.0,0,115,-115,-100.0,7455460.9794166675,1869956.5968333334,2186342.0243333336,11511759.600583335,7534114.929999998,1493487.4099999997,2785143.68,11812746.019999998
2026-10-19,0.00,127439.89,-127439.89,-100.0,0,173,-173,-100.0,7455460.9794166675,1869956.5968333334,2186342.0243333336,11511759.600583335,7481979.96,1481499.46,2758788.24,11722267.66
2026-10-20,0.00,245642.49,-245642.49,-100.0,0,317,-317,-100.0,7455460.9794166675,1869956.5968333334,2186342.0243333336,11511759.600583335,7438689.049999999,1492835.1399999997,2727428.2600000002,11658952.449999997
2026-10-21,0.00,260344.88,-260344.88,-100.0,0,299,-299,-100.0,7455460.9794166675,1869956.5968333334,2186342.0243333336,11511759.600583335,7800883.8999999985,1449207.03,2755589.8400000003,12005680.769999998
2026-10-22,0.00,248298.58,-248298.58,-100.0,0,276,-276,-100.0,7455460.9794166675,1869956.5968333334,2186342.0243333336,11511759.600583335,7854692.140000001,1458962.8199999998,2805853.97,12119508.930000002
2026-10-23,0.00,205475.05,-205475.05,-100.0,0,251,-251,-100.0,7455460.9794166675,1869956.5968333334,2186342.0243333336,11511759.600583335,7816549.920000001,1544199.89,2788379.38,12149129.190000001
2026-10-24,0.00,305385.52,-305385.52,-100.0,0,358,-358,-100.0,7455460.9794166675,1869956.5968333334,2186342.0243333336,11511759.600583335,7813368.350000001,1585250.57,2733866.49,12132485.41
2026-10-25,0.00,140556.53,-140556.53,-100.0,0,182,-182,-100.0,7455460.9794166675,1869956.5968333334,2186342.0243333336,11511759.600583335,7745931.8,1575090.1100000003,2711685.69,12032707.6
2026-10-26,0.00,208980.60,-208980.60,-100.0,0,229,-229,-100.0,7455460.9794166675,1869956.5968333334,2186342.0243333336,11511759.600583335,7653889.98,1551828.4199999997,2679452.0600000005,11885170.46
2026-10-27,0.00,345745.07,-345745.07,-100.0,0,421,-421,-100.0,7455460.9794166675,1869956.5968333334,2186342.0243333336,11511759.600583335,7563581.039999997,1527058.7500000002,2647091.770000001,11737731.559999999
2026-10-28,0.00,394019.67,-394019.67,-100.0,0,493,-493,-100.0,7455460.9794166675,1869956.5968333334,2186342.0243333336,11511759.600583335,7535898.149999997,1482265.58,2618339.3499999996,11636503.079999996
2026-10-29,0.00,403907.58,-403907.58,-100.0,0,503,-503,-100.0,7455460.9794166675,1869956.5968333334,2186342.0243333336,11511759.600583335,7506538.579999998,1469425.3900000001,2692801.6600000006,11668765.629999999
2026-10-30,0.00,312534.37,-312534.37,-100.0,0,358,-358,-100.0,7455460.9794166675,1869956.5968333334,2186342.0243333336,11511759.600583335,7442984.949999999,1511102.9400000002,2664301.27,11618389.159999998
2026-10-31,0.00,185106.77,-185106.77,-100.0,0,239,-239,-100.0,7455460.9794166675,1869956.5968333334,2186342.0243333336,11511759.600583335,7516826.179999998,1506752.9800000004,2681671.4200000004,11705250.579999998
2026-11-01,0.00,94211.54,-94211.54,-100.0,0,120,-120,-100.0,7455460.9794166675,1869956.5968333334,2186342.0243333336,11511759.600583335,7471215.309999998,1503038.47,2665316.1599999997,11639569.939999998
2026-11-02,0.00,122772.66,-122772.66,-100.0,0,152,-152,-100.0,7455460.9794166675,1869956.5968333334,2186342.0243333336,11511759.600583335,7425581.149999999,1488235.9700000004,2638702.0599999996,11552519.18
2026-11-03,0.00,243838.62,-243838.62,-100.0,0,326,-326,-100.0,7455460.9794166675,1869956.5968333334,2186342.0243333336,11511759.600583335,7405008.95,1467291.9100000004,2611471.23,11483772.090000002
2026-11-04,0.00,403967.53,-403967.53,-100.0,0,355,-355,-100.0,7455460.9794166675,1869956.5968333334,2186342.0243333336,11511759.600583335,7393052.8,1430445.3800000004,2662083.66,11485581.84
2026-11-05,0.00,1093725.00,-1093725.00,-100.0,0,774,-774,-100.0,7455460.9794166675,1869956.5968333334,2186342.0243333336,11511759.600583335,7079304.509999999,1365941.9800000002,2584840.35,11030086.839999998
2026-11-06,0.00,356927.82,-356927.82,-100.0,0,331,-331,-100.0,7455460.9794166675,1869956.5968333334,2186342.0243333336,11511759.600583335,7184093.819999999,1399849.3900000004,2549277.0599999996,11133220.27
2026-11-07,0.00,235417.91,-235417.91,-100.0,0,215,-215,-100.0,7455460.9794166675,1869956.5968333334,2186342.0243333336,11511759.600583335,7209390.6099999985,1393553.38,2590356.51,11193300.499999998
2026-11-08,0.00,99010.43,-99010.43,-100.0,0,107,-107,-100.0,7455460.9794166675,1869956.5968333334,2186342.0243333336,11511759.600583335,7160203.470000001,1383239.6800000002,2579116.44,11122559.59
2026-11-09,0.00,129633.45,-129633.45,-100.0,0,132,-132,-100.0,7455460.9794166675,1869956.5968333334,2186342.0243333336,11511759.600583335,7096958.21,1366745.2800000003,2558635.9,11022339.39
2026-11-10,0.00,272464.35,-272464.35,-100.0,0,303,-303,-100.0,7455460.9794166675,1869956.5968333334,2186342.0243333336,11511759.600583335,7024617.749999998,1325856.67,2515175.09,10865649.509999998
2026-11-11,0.00,271249.30,-271249.30,-100.0,0,311,-311,-100.0,7455460.9794166675,1869956.5968333334,2186342.0243333336,11511759.600583335,7034717.979999999,1313919.51,2512682.25,10861319.739999998
2026-11-12,0.00,274753.72,-274753.72,-100.0,0,292,-292,-100.0,7455460.9794166675,1869956.5968333334,2186342.0243333336,11511759.600583335,7282711.14,1298974.82,2558946.11,11140632.069999998
2026-11-13,0.00,374998.69,-374998.69,-100.0,0,445,-445,-100.0,7455460.9794166675,1869956.5968333334,2186342.0243333336,11511759.600583335,7243886.509999999,1488079.1000000006,2502632.8200000003,11234598.43
2026-11-14,0.00,178680.38,-178680.38,-100.0,0,229,-229,-100.0,7455460.9794166675,1869956.5968333334,2186342.0243333336,11511759.600583335,7358406.029999998,1540059.4300000004,2463590.43,11362055.889999999
2026-11-15,0.00,134494.93,-134494.93,-100.0,0,163,-163,-100.0,7455460.9794166675,1869956.5968333334,2186342.0243333336,11511759.600583335,7302353.629999999,1526942.4700000004,2445902.5600000005,11275198.66
2026-11-16,0.00,159053.69,-159053.69,-100.0,0,193,-193,-100.0,7455460.9794166675,1869956.5968333334,2186342.0243333336,11511759.600583335,7238043.739999997,1508711.7300000002,2410100.0699999994,11156855.539999995
2026-11-17,0.00,330232.07,-330232.07,-100.0,0,428,-428,-100.0,7455460.9794166675,1869956.5968333334,2186342.0243333336,11511759.600583335,7116814.799999998,1513341.8700000003,2419154.3499999996,11049311.019999998
2026-11-18,0.00,249147.19,-249147.19,-100.0,0,327,-327,-100.0,7455460.9794166675,1869956.5968333334,2186342.0243333336,11511759.600583335,7255121.609999999,1490886.74,2435987.8199999994,11181996.169999998
2026-11-19,0.00,188713.42,-188713.42,-100.0,0,237,-237,-100.0,7455460.9794166675,1869956.5968333334,2186342.0243333336,11511759.600583335,7371033.249999998,1478003.1600000001,2482060.2399999998,11331096.649999999
2026-11-20,0.00,215301.79,-215301.79,-100.0,0,256,-256,-100.0,7455460.9794166675,1869956.5968333334,2186342.0243333336,11511759.600583335,7697874.839999999,1546097.49,2450211.26,11694183.589999998
2026-11-21,0.00,136841.30,-136841.30,-100.0,0,168,-168,-100.0,7455460.9794166675,1869956.5968333334,2186342.0243333336,11511759.600583335,7697341.869999999,1546949.3900000001,2515476.7099999995,11759767.969999999
2026-11-22,0.00,66758.93,-66758.93,-100.0,0,75,-75,-100.0,7455460.9794166675,1869956.5968333334,2186342.0243333336,11511759.600583335,7643976.659999999,1540332.5,2509366.06,11693675.22
2026-11-23,0.00,127333.39,-127333.39,-100.0,0,144,-144,-100.0,7455460.9794166675,1869956.5968333334,2186342.0243333336,11511759.600583335,7579458.71,1528118.1500000001,2487924.5,11595501.36
2026-11-24,0.00,230524.06,-230524.06,-100.0,0,274,-274,-100.0,7455460.9794166675,1869956.5968333334,2186342.0243333336,11511759.600583335,7534067.39,1775181.64,2442845.81,11752094.84
2026-11-25,0.00,580842.15,-580842.15,-100.0,0,551,-551,-100.0,7455460.9794166675,1869956.5968333334,2186342.0243333336,11511759.600583335,7380335.74,1700729.3900000004,2360337.84,11441402.97
2026-11-26,0.00,359146.24,-359146.24,-100.0,0,422,-422,-100.0,7455460.9794166675,1869956.5968333334,2186342.0243333336,11511759.600583335,7496764.389999999,1668385.32,2322379.33,11487529.04
2026-11-27,0.00,274166.30,-274166.30,-100.0,0,328,-328,-100.0,7455460.9794166675,1869956.5968333334,2186342.0243333336,11511759.600583335,7527954.37,1668838.56,2358504.77,11555297.7
2026-11-28,0.00,681350.25,-681350.25,-100.0,0,759,-759,-100.0,7455460.9794166675,1869956.5968333334,2186342.0243333336,11511759.600583335,7262332.620000001,1684765.1,2224661.61,11171759.33
2026-11-29,0.00,187060.37,-187060.37,-100.0,0,236,-236,-100.0,7455460.9794166675,1869956.5968333334,2186342.0243333336,11511759.600583335,7179055.39,1659701.5400000003,2191062.0100000002,11029818.94
2026-11-30,0.00,216383.27,-216383.27,-100.0,0,267,-267,-100.0,7455460.9794166675,1869956.5968333334,2186342.0243333336,11511759.600583335,7125024.0600000005,1637994.62,2147202.139999999,10910220.819999998
2026-12-01,0.00,387458.73,-387458.73,-100.0,0,500,-500,-100.0,7455460.9794166675,1869956.5968333334,2186342.0243333336,11511759.600583335,7026794.729999999,1643531.3600000003,2210615.28,10880941.37
2026-12-02,0.00,746533.57,-746533.57,-100.0,0,731,-731,-100.0,7455460.9794166675,1869956.5968333334,2186342.0243333336,11511759.600583335,6730353.869999999,1572724.88,2179559.03,10482637.78
2026-12-03,0.00,574734.06,-574734.06,-100.0,0,566,-566,-100.0,7455460.9794166675,1869956.5968333334,2186342.0243333336,11511759.600583335,6708667.699999998,1522559.66,2101611.63,10332838.989999998
2026-12-04,0.00,458401.27,-458401.27,-100.0,0,415,-415,-100.0,7455460.9794166675,1869956.5968333334,2186342.0243333336,11511759.600583335,6572089.829999999,1568013.0899999999,2151057.9299999997,10291160.849999998
2026-12-05,0.00,298415.42,-298415.42,-100.0,0,291,-291,-100.0,7455460.9794166675,1869956.5968333334,2186342.0243333336,11511759.600583335,6554270.27,1554621.6,2334893.9699999993,10443785.839999998
2026-12-06,0.00,153297.99,-153297.99,-100.0,0,161,-161,-100.0,7455460.9794166675,1869956.5968333334,2186342.0243333336,11511759.600583335,6464226.470000002,1533808.66,2308154.05,10306189.180000002
2026-12-07,0.00,196136.47,-196136.47,-100.0,0,201,-201,-100.0,7455460.9794166675,1869956.5968333334,2186342.0243333336,11511759.600583335,6416786.819999999,1507597.8,2274254.7899999996,10198639.409999998
2026-12-08,0.00,458805.16,-458805.16,-100.0,0,489,-489,-100.0,7455460.9794166675,1869956.5968333334,2186342.0243333336,11511759.600583335,6274393.559999999,1465694.5600000005,2270910.8400000003,10010998.959999999
2026-12-09,0.00,410727.15,-410727.15,-100.0,0,451,-451,-100.0,7455460.9794166675,1869956.5968333334,2186342.0243333336,11511759.600583335,6742629.789999999,1424829.3299999998,2198679.62,10366138.739999998
2026-12-10,0.00,366156.79,-366156.79,-100.0,0,430,-430,-100.0,7455460.9794166675,1869956.5968333334,2186342.024333333,11511759.600583335,6812448.799999995,1398374.4000000004,2188994.4200000004,10399817.619999995
2026-12-11,0.00,333415.17,-333415.17,-100.0,0,366,-366,-100.0,7455460.9794166675,1869956.5968333334,2186342.024333333,11511759.600583335,6987459.929999998,1435079.34,2386791.43,10809330.699999997
2026-12-12,0.00,323818.15,-323818.15,-100.0,0,371,-371,-100.0,7455460.9794166675,1869956.5968333334,2186342.024333333,11511759.600583335,6964105.789999998,1579399.02,2291808.4099999997,10835313.219999999
2026-12-13,0.00,181732.99,-181732.99,-100.0,0,200,-200,-100.0,7455460.9794166675,1869956.5968333334,2186342.024333333,11511759.600583335,6873668.1499999985,1562827.1,2258032.8899999997,10694528.139999997
2026-12-14,0.00,193237.48,-193237.48,-100.0,0,231,-231,-100.0,7455460.9794166675,1869956.5968333334,2186342.024333333,11511759.600583335,6781314.879999999,1545396.12,2221609.34,10548320.34
2026-12-15,0.00,557789.43,-557789.43,-100.0,0,1237,-1237,-100.0,7455460.9794166675,1869956.5968333334,2186342.024333333,11511759.600583335,6559049.21,1526586.6200000003,2348561.39,10434197.22
2026-12-16,0.00,326953.73,-326953.73,-100.0,0,639,-639,-100.0,7455460.9794166675,1869956.5968333334,2186342.024333333,11511759.600583335,6426170.559999998,1498697.9900000005,2290108.2300000004,10214976.779999997
2026-12-17,0.00,419211.80,-419211.80,-100.0,0,518,-518,-100.0,7455460.9794166675,1869956.5968333334,2186342.024333333,11511759.600583335,6740802.53,1472588.2,2256490.2399999998,10469880.97
2026-12-18,0.00,328329.94,-328329.94,-100.0,0,408,-408,-100.0,7455460.9794166675,1869956.5968333334,2186342.024333333,11511759.600583335,6718457.6899999995,1456094.6800000002,2231058.2600000002,10405610.629999999
2026-12-19,0.00,325584.24,-325584.24,-100.0,0,407,-407,-100.0,7455460.9794166675,1869956.5968333334,2186342.024333333,11511759.600583335,7065395.170000003,1533918.9200000004,2172867.74,10772181.830000004
2026-12-20,0.00,156965.02,-156965.02,-100.0,0,188,-188,-100.0,7455460.9794166675,1869956.5968333334,2186342.024333333,11511759.600583335,7323085.8999999985,1523880.5100000002,2226265.4000000004,11073231.809999999
2026-12-21,0.00,145575.56,-145575.56,-100.0,0,185,-185,-100.0,7455460.979416667,1869956.5968333334,2186342.0243333336,11511759.600583334,7229100.729999999,1509304.4500000002,2204319.12,10942724.3
2026-12-22,0.00,243931.32,-243931.32,-100.0,0,327,-327,-100.0,7455460.979416667,1869956.5968333334,2186342.0243333336,11511759.600583334,7350482.480000001,1511663.7900000003,2187078.9699999997,11049225.240000002
2026-12-23,0.00,154189.02,-154189.02,-100.0,0,205,-205,-100.0,7455460.979416667,1869956.5968333334,2186342.0243333336,11511759.600583334,7678518.540000001,1520753.2700000003,2185874.11,11385145.92
2026-12-24,0.00,82280.96,-82280.96,-100.0,0,100,-100,-100.0,7455460.979416667,1869956.5968333334,2186342.0243333336,11511759.600583334,7677112.929999999,1523205.0800000003,2320546.29,11520864.3
2026-12-25,0.00,28649.04,-28649.04,-100.0,0,37,-37,-100.0,7455460.979416667,1869956.5968333334,2186342.0243333336,11511759.600583334,7657808.819999998,1522525.2400000002,2319895.29,11500229.349999998
2026-12-26,0.00,36055.83,-36055.83,-100.0,0,54,-54,-100.0,7455460.979416667,1869956.5968333334,2186342.0243333336,11511759.600583334,7630792.419999998,1518811.6400000001,2316985.95,11466590.009999998
2026-12-27,0.00,59096.49,-59096.49,-100.0,0,87,-87,-100.0,7455460.979416667,1869956.5968333334,2186342.0243333336,11511759.600583334,7597018.099999999,1516509.01,2310676.9000000004,11424204.01
2026-12-28,0.00,89510.61,-89510.61,-100.0,0,129,-129,-100.0,7455460.979416667,1869956.5968333334,2186342.0243333336,11511759.600583334,7542984.179999998,1511864.58,2304311.45,11359160.209999997
2026-12-29,0.00,148848.76,-148848.76,-100.0,0,226,-226,-100.0,7455460.979416667,1869956.5968333334,2186342.0243333336,11511759.600583334,7531574.96,1602834.3800000004,2286738.5900000003,11421147.93
2026-12-30,0.00,107334.27,-107334.27,-100.0,0,149,-149,-100.0,7455460.979416667,1869956.5968333334,2186342.0243333336,11511759.600583334,7596853.649999999,1606141.45,2283084.32,11486079.42
2026-12-31,0.00,68584.90,-68584.90,-100.0,0,90,-90,-100.0,7455460.979416667,1869956.5968333334,2186342.0243333336,11511759.600583334,7674123.229999999,1641675.0499999998,2479349.8199999994,11795148.099999998
